Iteration [[2.733436139076566, 3.9390552252797035], [4.049172662089933, 5.018410473933978], [5.066367011869234, 5.830838907080861], [5.891492621600445, 6.5060043483362655], [6.607468297837561, 7.096421864399195], [7.233187302812433, 7.6305906368325305], [7.80184131024143, 8.119382700367284], [8.313100284900246, 8.567988887838592], [8.786678918428208, 8.980217516952761], [9.235314059373692, 9.372286054398627], [9.653538935849717, 9.742299884713528], [10.056143427063041, 10.097188528917995], [10.439266638773539, 10.441741387660535], [10.806858356769958, 10.77033973130499], [11.15366549548757, 11.0829143719726], [11.489307585406097, 11.392652627497004], [11.815630038537549, 11.690475194129643], [12.133340070673633, 11.980840107429705], [12.437389091966768, 12.259950437796014], [12.733296564365004, 12.534846091037116], [13.019437427600808, 12.802310248665377], [13.295448144626508, 13.061506816746572], [13.563527994537726, 13.314481616209045], [13.82785810660598, 13.563158820665851], [14.081854333644465, 13.799262368886302], [14.330255165146825, 14.037495526163761], [14.572931578529792, 14.265596806820415], [14.810829926208953, 14.491031053327937], [15.045964926379165, 14.71922524104349], [15.278916646313087, 14.941775319179115], [15.504566323683775, 15.157928626980938], [15.723715366802944, 15.367551987497524], [15.937976322189368, 15.574908562511839], [16.1508103077555, 15.7820011666553], [16.360923431006764, 15.984387120905732], [16.566836064370804, 16.181159362714407], [16.76867797899879, 16.37399575350807], [16.968036077089042, 16.566013194576534], [17.163610434039715, 16.75580641582151], [17.35684858605343, 16.9416654824618], [17.548337750843658, 17.127786815953737], [17.736868074177952, 17.31014926262045], [17.920899996922984, 17.49117914808054], [18.10169285507574, 17.66905724605384], [18.282167369676884, 17.84544076329398], [18.459941702611268, 18.02057251478], [18.63655569544897, 18.192689277172814], [18.813386376930016, 18.36382181244672], [18.987694461744567, 18.534847123150563], [19.15801427358014, 18.703888672404183], [19.325701727175087, 18.86955218562229], [19.492690026478638, 19.035066413742605], [19.657721053093734, 19.1968273758063], [19.823014896212385, 19.359950649671674], [19.986141787014564, 19.51904326894234], [20.145493882022304, 19.675793336508125], [20.305325495455953, 19.833901165534346], [20.462543027176, 19.986452668202556], [20.617433227219, 20.1401677894907], [20.77053487178973, 20.294871589722227], [20.92349279730554, 20.447563126432048], [21.076635999831268, 20.600968180797707], [21.226342392299667, 20.747963889277546], [21.37595152474037, 20.897465762449528], [21.52279015910424, 21.041057274669836], [21.66963896307548, 21.187149210155916], [21.8121723367954, 21.329720820709788], [21.9563569875913, 21.47519400965226], [22.09820814619642, 21.616995866013394], [22.23951702058638, 21.75859496056456], [22.380104250179645, 21.89990531581035], [22.51782494774371, 22.0372246014471], [22.654579603616725, 22.17414231606319], [22.79034925853359, 22.310589438354423], [22.92630962063144, 22.447250537926983], [23.06178960010544, 22.583430048291675], [23.194962918620085, 22.718666182641957], [23.326342918206997, 22.851188611498525], [23.4593275815616, 22.986703041137183], [23.589566040936162, 23.118155817938817], [23.717587762427947, 23.248035699612878], [23.8452057911755, 23.378512250158636], [23.97218307702623, 23.508117834567102], [24.098893979956227, 23.636552254970706], [24.22520677114355, 23.763596155145017], [24.35009274529192, 23.892095397701546], [24.47310318395992, 24.01846486157636], [24.59678926455962, 24.144806259584648], [24.717886389455927, 24.267151537864986], [24.83897420305307, 24.39099534202473], [24.958201217263742, 24.513312247694163], [25.07924784512211, 24.637391844797378], [25.19743635303306, 24.757553093250394], [25.31590917610496, 24.878768711399033], [25.433114460964497, 24.999055411587744], [25.548958546807956, 25.119214450126226], [25.66503001711918, 25.238959375328992], [25.77972818711403, 25.358712338807827], [25.894459253662806, 25.47750945454258], [26.00737091026902, 25.595846237037215]]
epoch,0,1,2,3,4,5,6,7,8,9,10,11,12,13,14,15,16,17,18,19,20,21,22,23,24,25,26,27,28,29,30,31,32,33,34,35,36,37,38,39,40,41,42,43,44,45,46,47,48,49,50,51,52,53,54,55,56,57,58,59,60,61,62,63,64,65,66,67,68,69,70,71,72,73,74,75,76,77,78,79,80,81,82,83,84,85,86,87,88,89,90,91,92,93,94,95,96,97,98,99
eval_cost,0.597806458410177,0.5331812194125457,0.5124067186513885,0.4869834779094784,0.48874328990900984,0.47232846312756116,0.48707505105390214,0.48505880424966763,0.46917674907142076,0.45838195260361875,0.47018438235952836,0.46760967639518464,0.4455817227133073,0.43606995451434816,0.4499825170778181,0.44945145731915886,0.4448748049439172,0.4432418762074895,0.4545042226970458,0.4369256367421887,0.44285336055352764,0.46168870030534254,0.4498563017442141,0.4652457802329768,0.45741496227884504,0.4567420225754757,0.43781856116687884,0.42877307257864206,0.44436911799724316,0.4487629291489395,0.45191154254172816,0.44253514031600155,0.44048443657079084,0.44876207572474885,0.4369382887516115,0.4533202362838624,0.45647657041059636,0.440721801543061,0.46578547932095166,0.4600976187884998,0.45829980114108854,0.44183099469448717,0.4436928488588152,0.4462766627140579,0.43938384071198977,0.4432209089331338,0.43791291471832955,0.46635931489253313,0.445706956712799,0.44233699674395954,0.45488463312782124,0.45132376006588526,0.43469669552094525,0.45143643492905494,0.45811329215330204,0.4476498143070013,0.45857917373077245,0.4514958639950611,0.46011941439868026,0.44815881560772297,0.45894951343179025,0.4545128871629604,0.43791718312641953,0.45016107290118557,0.4601079672519133,0.444288827095009,0.44224032513136896,0.4634468378097259,0.43493909475916587,0.4417071265218729,0.44922453792842426,0.44766728138955547,0.45749396507717593,0.45052808596967386,0.4357344628488575,0.43978956164318345,0.4614330193931187,0.44945101702965046,0.4415837297792418,0.4458300348456723,0.44507471278856936,0.43568750028071224,0.4421887581583406,0.43595808429252186,0.45441164386066035,0.4450628167496571,0.4354745754618867,0.4362487968336744,0.463187316280557,0.4451399425346196,0.4537535729876937,0.4517918775168278,0.45549712004120846,0.43154823388321406,0.43573042879710777,0.44537970448756337,0.45009433543986554,0.4371954412328113,0.4446933439538239,0.43872990881900936
train_cost,1.2260944722192073,1.1257878151866498,1.0670243976151141,1.0390401395304114,1.0383480883907021,1.0130538490765417,1.0125438118215486,1.0049553769776667,1.0019833303217127,0.9867258463163868,0.997127581429755,0.9818601538913118,0.972170356308545,0.957128212424218,0.962319363697884,0.9592268278549853,0.9664918393616213,0.9518220787964703,0.9544219178664763,0.9488468487621865,0.9509618471689146,0.9493737954888685,0.9515446967903899,0.9580614954149574,0.9410653555129127,0.9504918265568812,0.9413152672527029,0.9327835666588434,0.9276013809548865,0.935567169415151,0.9332123166394904,0.9242451067534014,0.9299070523856688,0.9240569365451654,0.9171211969913298,0.9214904622115508,0.9405313157381296,0.9176137583875468,0.9279084937194351,0.9319686492872788,0.91511878886084,0.9237195634925064,0.9258867814244507,0.9308852440937777,0.917235254543887,0.9100914539316279,0.9070597091747565,0.9363524806687065,0.9229354474277687,0.9136471498260192,0.9269086019257703,0.9301380347731667,0.9087171788618824,0.9212283164386785,0.9064998208223812,0.9208458364943011,0.9118644153030742,0.9201185394428738,0.9170802105987442,0.9123630708652926,0.9181947998458299,0.9097848869865454,0.9017526949515029,0.9123477474943321,0.9204805126809066,0.9047214031206877,0.9118738267652268,0.9136884282943393,0.9010488766220512,0.902257384016874,0.9070766995974013,0.895941700749041,0.9082068641997829,0.9210865062121822,0.9093561669754491,0.9019912383832198,0.9107587692405105,0.898932727861453,0.8927171169060903,0.8889612045495658,0.8979560034998486,0.8825148858400164,0.9128698500639666,0.8906014961297234,0.9064970397826281,0.8946049134264197,0.9072691971832276,0.8872491007627764,0.9144818742537306,0.8912614780019661,0.9038375888593343,0.8920639317336128,0.9063030003538348,0.8873315087926303,0.8906030536703813,0.8945923737731079,0.8933961794954793,0.895320139197296,0.8918544872931901,0.8951991239626368

epoch,0,1,2,3,4,5,6,7,8,9,10,11,12,13,14,15,16,17,18,19,20,21,22,23,24,25,26,27,28,29,30,31,32,33,34,35,36,37,38,39,40,41,42,43,44,45,46,47,48,49,50,51,52,53,54,55,56,57,58,59,60,61,62,63,64,65,66,67,68,69,70,71,72,73,74,75,76,77,78,79,80,81,82,83,84,85,86,87,88,89,90,91,92,93,94,95,96,97,98,99
eval_acc,0.933,0.9332,0.9369,0.9346,0.9381,0.9403,0.9383,0.9357,0.9366,0.9428,0.9395,0.9405,0.9414,0.9458,0.9404,0.944,0.9434,0.9419,0.94,0.941,0.9426,0.9378,0.943,0.9395,0.9394,0.9409,0.9434,0.9446,0.9429,0.9395,0.9401,0.942,0.9409,0.9407,0.9414,0.9408,0.9416,0.9417,0.9366,0.9415,0.9407,0.941,0.9419,0.9413,0.9416,0.9424,0.9427,0.9439,0.941,0.9443,0.9408,0.9408,0.9427,0.9398,0.94,0.9416,0.9397,0.9414,0.9406,0.9411,0.9391,0.942,0.9441,0.9402,0.9395,0.9404,0.9427,0.9377,0.9431,0.9425,0.942,0.939,0.9394,0.9417,0.9415,0.9419,0.9398,0.9419,0.9393,0.9432,0.9417,0.9417,0.9397,0.9427,0.9407,0.9416,0.9433,0.9413,0.9383,0.9403,0.941,0.9396,0.9385,0.9428,0.9421,0.9419,0.9381,0.941,0.9408,0.9396
train_acc,0.795948,0.8133,0.827452,0.82936,0.829172,0.836224,0.836132,0.83698,0.837008,0.84386,0.837684,0.842928,0.843228,0.846644,0.846468,0.847044,0.843992,0.847604,0.846392,0.845888,0.846812,0.847572,0.84888,0.846216,0.85076,0.848364,0.850828,0.851108,0.853892,0.851064,0.850524,0.854668,0.851824,0.852624,0.85402,0.854752,0.851976,0.85444,0.852316,0.853808,0.85644,0.852328,0.852508,0.852724,0.855664,0.856996,0.857492,0.855124,0.853708,0.856288,0.852864,0.85104,0.85538,0.85444,0.856128,0.854192,0.855704,0.855688,0.855956,0.856328,0.855452,0.857828,0.858708,0.854448,0.853936,0.856004,0.856048,0.854912,0.858012,0.859284,0.857912,0.858652,0.8561,0.854432,0.857216,0.857696,0.857796,0.858132,0.859792,0.861016,0.859676,0.861936,0.856376,0.859424,0.858396,0.860492,0.8558,0.859568,0.855036,0.860092,0.85704,0.860912,0.85806,0.860664,0.858808,0.859804,0.85982,0.859008,0.859708,0.858832

test_acc,0.9422

Iteration [[2.7208281351671335, 4.028170180922714], [4.083942647254816, 5.142277929554295], [5.108247102289781, 5.97081680701216], [5.938610388979333, 6.653766633317649], [6.649257614773961, 7.254363425360394], [7.269275290493158, 7.795011480247687], [7.824532669296967, 8.278359731604676], [8.333301185055129, 8.727260709685133], [8.80166316809302, 9.14292321396408], [9.242217718308247, 9.534323309909851], [9.653102682640052, 9.91053291824714], [10.05019076195731, 10.277362609757429], [10.424607259182768, 10.621898356627625], [10.779993604452544, 10.94723347851354], [11.122829572107051, 11.267333003754207], [11.450674789559605, 11.570592517749382], [11.764448649904518, 11.865777026090944], [12.070179953774934, 12.15278674132303], [12.370751086446635, 12.437679127766176], [12.655120922413515, 12.705410474532478], [12.937934969043301, 12.973087460643313], [13.209937939920561, 13.228439962986416], [13.472605027461153, 13.479553262016072], [13.735744460987787, 13.730478198711156], [13.992878046840254, 13.972665028364043], [14.244787342505221, 14.212684811820214], [14.49024264305207, 14.447178280047307], [14.732783445810691, 14.678912422053617], [14.967336185596062, 14.903634344272612], [15.197249802281606, 15.1200118948874], [15.423764284552966, 15.337746895394092], [15.644580686441673, 15.549081977806024], [15.86376476705999, 15.759463393011117], [16.078098638659565, 15.967002284513528], [16.289234334432923, 16.16930013279969], [16.49628125149081, 16.37150388642681], [16.700572368909643, 16.568480532943497], [16.901328060052847, 16.76335200385917], [17.098999460743208, 16.956248749566978], [17.296659280190042, 17.147466898510945], [17.488894708053166, 17.33225395763614], [17.679459152476433, 17.51950358730347], [17.868810767301152, 17.70709350581531], [18.054533267345466, 17.887997350260967], [18.23685587450464, 18.067557188941105], [18.418357248150524, 18.241909096437936], [18.599328390279933, 18.41838998985732], [18.77656292170204, 18.592181228887334], [18.950706560158178, 18.763487293457466], [19.122877026782696, 18.93418958300021], [19.29329286220278, 19.099879057388485], [19.462166087520572, 19.264344070792983], [19.627220800858268, 19.427203758517663], [19.792658721219837, 19.588260587882232], [19.956076250788684, 19.750661038482693], [20.117582413029222, 19.909841822531497], [20.27748755810316, 20.068882997447105], [20.436353252789598, 20.22491073570927], [20.59392663830414, 20.379738395311694], [20.750494761835924, 20.534319783508405], [20.90347395638532, 20.68721180256466], [21.057307101519466, 20.840001277017773], [21.20877887774163, 20.992703841243227], [21.357721190462943, 21.142538199546856], [21.507191436256274, 21.292119996370136], [21.653267821670436, 21.43808268243038], [21.798707389980077, 21.585009213552006], [21.943481564664374, 21.73337431085332], [22.086866273221208, 21.875858378506145], [22.227537518675856, 22.019443129905333], [22.368249679583304, 22.163016627375015], [22.509242847046202, 22.303266460547814], [22.64750851036533, 22.443867413057628], [22.785345431293308, 22.58336162009775], [22.922690663135747, 22.721974788380958], [23.05841802298154, 22.85733940842597], [23.193524255014122, 22.995154521880977], [23.326708380741913, 23.13084479437333], [23.45958827459567, 23.263641736976588], [23.59042713685972, 23.396309341547177], [23.720816117253133, 23.52872884229578], [23.85010870931053, 23.660379729912197], [23.977815838601185, 23.79010437858771], [24.104554982003062, 23.919897614353424], [24.23109231916589, 24.049799896526277], [24.356774834627746, 24.17929971692004], [24.481442474927572, 24.30906128534057], [24.60475289998327, 24.436282633231937], [24.729462294799564, 24.562921576543914], [24.851564252784048, 24.68868486604313], [24.971400901092387, 24.810871144644054], [25.09139235187624, 24.934351822990845], [25.210192318820866, 25.059317586864537], [25.327603273891928, 25.180135291023923], [25.446852228503218, 25.305112849387733], [25.56289427730664, 25.427657448978618], [25.677704188051106, 25.547335940661817], [25.792771412492687, 25.668319009508256], [25.90640623547585, 25.786089428311836], [26.02031087013575, 25.90543120600566]]
epoch,0,1,2,3,4,5,6,7,8,9,10,11,12,13,14,15,16,17,18,19,20,21,22,23,24,25,26,27,28,29,30,31,32,33,34,35,36,37,38,39,40,41,42,43,44,45,46,47,48,49,50,51,52,53,54,55,56,57,58,59,60,61,62,63,64,65,66,67,68,69,70,71,72,73,74,75,76,77,78,79,80,81,82,83,84,85,86,87,88,89,90,91,92,93,94,95,96,97,98,99
eval_cost,0.5945896804166528,0.5529746392847057,0.5099956336317366,0.49450204389659586,0.5326539058744603,0.48915790517378444,0.4846568612439852,0.4825396218202091,0.4920648872393293,0.4745150544430121,0.4561533662585832,0.4692830329847973,0.46692186783022405,0.46220628691069215,0.4801628629372904,0.47582774085775204,0.4652183050744963,0.4582762693004603,0.45951144752051637,0.4825642200093528,0.4703577914870993,0.47212016837884946,0.464583707545391,0.44526732458993257,0.46093055350971857,0.4596469807863431,0.4444827046119931,0.4555102060233509,0.44671299441444196,0.4639840045321545,0.44753146989859116,0.45216708355090696,0.445286093716805,0.4444605671496633,0.4495210021226887,0.44999763389378955,0.43882568677157596,0.4552945365090721,0.4591920372580943,0.48452849235322215,0.44878576017392063,0.468248314321973,0.4450204535049963,0.47004520690394236,0.4489980549348515,0.4503329563844131,0.44299689318796537,0.45060080209453507,0.46361661869174586,0.4455721956479458,0.4558125827341612,0.45142031211427014,0.45255503369687705,0.44156019513557465,0.45838861184560686,0.4543103131870561,0.4408443031160002,0.4479291809749004,0.4678876771050023,0.4478421938253575,0.4468521048760923,0.4607148373746553,0.4663244424944163,0.4493001484993745,0.46951137664137127,0.44462810910103795,0.4516258771646003,0.4478678789999637,0.436018061675787,0.4586419668923137,0.44851632018261506,0.4551077430150483,0.4514935766121475,0.44928589649744743,0.45178134221192184,0.4569587563534999,0.468551826478747,0.45633856555624613,0.4518768419082215,0.4613319952800801,0.4363841021268571,0.444823769607505,0.4480633503530935,0.4573168612227007,0.4432586547967254,0.4515711968086481,0.45273238681849515,0.4435394440948575,0.4546621769820374,0.44619140348781916,0.45534103820855665,0.4514003447851433,0.4499757905276102,0.4555524202217929,0.45988754509135676,0.45342595176459416,0.45237459836952415,0.4502534523448636,0.4480578992730926,0.44617392707022496
train_cost,1.2702923538629223,1.170823917438365,1.114274432080906,1.0889256034874042,1.1117434878099526,1.057984583251081,1.0486368999054352,1.0317920468365045,1.0324380064722707,1.0313430908508208,1.0085796886647012,1.0128551985690124,1.006786085788238,0.979976995690145,0.9994318573289496,0.9855676391543182,0.9840104506021919,0.9667451466875732,0.9728059550242903,0.9932405690779964,0.9712865550454821,0.9745181058627744,0.9671010576435594,0.9604400106415333,0.9763400117653985,0.9629675010793661,0.957379548365655,0.9616297726381983,0.9507860262689132,0.9463467010597608,0.9481710545432104,0.9477890283031623,0.9364660325069668,0.9344627566365701,0.9535199972991991,0.9393232153741393,0.9352720496772203,0.933167561818696,0.939443381309321,0.9640274276020975,0.9436605343718087,0.9458936070415648,0.9321703694871698,0.9429802343251601,0.9320629559160817,0.9319656295409084,0.9235620988773904,0.9295628879066009,0.933498314355725,0.9225663860823753,0.9283834445214459,0.9483298791169091,0.918121414862878,0.927715286032319,0.9266737364208261,0.9337875638748072,0.9134684458763299,0.9204945981474093,0.9249134130883334,0.9236045320479831,0.9197515962782669,0.9217968446984343,0.9305999036114134,0.9273405369073612,0.9275804788087003,0.9286492108146469,0.9318692515387651,0.9120648353373233,0.9148936711850235,0.9281457829948381,0.9381486302671609,0.9243518903601602,0.9156697284663423,0.9189482044680873,0.9189271591078634,0.9300062072975396,0.9292943933405158,0.9360552534266029,0.9157434114885257,0.9212317789435334,0.9122175243923606,0.9117652646421679,0.9111628826532276,0.9078874689723294,0.9161957862085452,0.922265450686834,0.9198148297281279,0.9047472311564583,0.916461294569133,0.9060235013361012,0.913532111559557,0.9160461329968604,0.9217862910054263,0.9293506298024987,0.9317428249698623,0.9200965764719247,0.9147432699472919,0.9131424205055756,0.9012625197091748,0.9039204029302079

epoch,0,1,2,3,4,5,6,7,8,9,10,11,12,13,14,15,16,17,18,19,20,21,22,23,24,25,26,27,28,29,30,31,32,33,34,35,36,37,38,39,40,41,42,43,44,45,46,47,48,49,50,51,52,53,54,55,56,57,58,59,60,61,62,63,64,65,66,67,68,69,70,71,72,73,74,75,76,77,78,79,80,81,82,83,84,85,86,87,88,89,90,91,92,93,94,95,96,97,98,99
eval_acc,0.9243,0.9386,0.9412,0.9402,0.9324,0.9414,0.9403,0.9389,0.9361,0.939,0.9412,0.9418,0.9382,0.9422,0.9388,0.9404,0.944,0.9426,0.9387,0.9379,0.9408,0.9387,0.9383,0.9438,0.9395,0.9398,0.9421,0.9424,0.944,0.9404,0.9426,0.9397,0.9438,0.9456,0.9405,0.9405,0.9408,0.9411,0.9386,0.9384,0.9398,0.9387,0.9409,0.9377,0.9433,0.9409,0.9426,0.9407,0.9388,0.9416,0.9404,0.9425,0.9413,0.942,0.9408,0.9424,0.9432,0.943,0.9377,0.9405,0.9409,0.9397,0.9414,0.9433,0.9397,0.9435,0.9442,0.9421,0.9442,0.9421,0.9415,0.9428,0.9419,0.9422,0.9424,0.9409,0.9382,0.9403,0.9409,0.9414,0.9442,0.9418,0.9447,0.9415,0.9429,0.942,0.942,0.9436,0.9423,0.9424,0.9433,0.9428,0.9419,0.9423,0.9381,0.9419,0.9418,0.9417,0.9423,0.9412
train_acc,0.780952,0.81036,0.817052,0.821576,0.816904,0.82806,0.83018,0.833196,0.832344,0.832664,0.836188,0.83678,0.835024,0.844456,0.838268,0.842636,0.84266,0.8459,0.843492,0.840036,0.845396,0.8442,0.84636,0.845888,0.84064,0.846888,0.846988,0.845928,0.849236,0.85072,0.849348,0.849264,0.851768,0.852648,0.847724,0.851136,0.851144,0.854024,0.851268,0.84718,0.848788,0.849704,0.852892,0.85188,0.852328,0.852972,0.855436,0.85392,0.854212,0.85404,0.853872,0.850336,0.856736,0.85314,0.853356,0.852184,0.856724,0.855444,0.85356,0.85324,0.85442,0.855112,0.853896,0.854384,0.854804,0.852264,0.851572,0.85584,0.856924,0.853812,0.852856,0.855196,0.856388,0.854264,0.856404,0.852824,0.85296,0.850944,0.856616,0.85572,0.856772,0.856624,0.856492,0.858072,0.855912,0.853668,0.855528,0.858252,0.85472,0.857632,0.85712,0.854804,0.85456,0.851768,0.85194,0.856736,0.85452,0.855296,0.859484,0.858072

test_acc,0.9367

Iteration [[2.704739652365713, 4.050043579300014], [4.060135500096789, 5.147873213097939], [5.059242405227797, 5.977851113496384], [5.869710210627568, 6.667729609991324], [6.564373355907335, 7.2689327217627], [7.1812821199312715, 7.798342989027286], [7.74378563794117, 8.292182235660059], [8.258141307535587, 8.747929296500892], [8.739443869320759, 9.18137415232911], [9.186818104471275, 9.58980248001743], [9.607945331116905, 9.967199819946767], [10.010373682471862, 10.326137581885833], [10.384666982143923, 10.672962895220172], [10.747051654880533, 11.008137165739946], [11.089953052897327, 11.335024848681359], [11.430003575968678, 11.653816868045727], [11.752765842994622, 11.959926989486426], [12.062291265103598, 12.253467160353452], [12.368628999870678, 12.544090840805618], [12.662759748650627, 12.828294398951195], [12.94895136013208, 13.101489673964316], [13.228311705275523, 13.369228021978493], [13.500848902516912, 13.637332395286062], [13.76607405191804, 13.89606430592841], [14.024860552473728, 14.150829058848453], [14.280455818891106, 14.398772292825104], [14.527387510869621, 14.639365834307418], [14.769238035022656, 14.871916940833868], [15.003653090069838, 15.100396044435913], [15.235988908199179, 15.330057176159993], [15.465684922213928, 15.553983461191839], [15.692727377012835, 15.777794017103071], [15.915262676896072, 15.994620134798419], [16.13524068314236, 16.209394169122746], [16.349369818319186, 16.42424807099254], [16.560433582215104, 16.630975533151677], [16.768598117526654, 16.838862469741883], [16.973653156508522, 17.04320898394843], [17.1746412578734, 17.244386792516064], [17.375665490034343, 17.445822673478098], [17.569660042838446, 17.6384901847079], [17.761623127331532, 17.83128478665918], [17.953265657797584, 18.02045037301058], [18.14027723548264, 18.207884268094073], [18.325390015636163, 18.392305121981238], [18.51034068566719, 18.57921460414985], [18.693944680797678, 18.76455658535816], [18.871233345240626, 18.94360250656769], [19.04743525599383, 19.12167123922648], [19.222347214097034, 19.295958491868024], [19.394849735254382, 19.47085172891393], [19.565939857920696, 19.644460668320573], [19.734133034636866, 19.816048876852726], [19.900219960185236, 19.984473005809267], [20.066823622312597, 20.154854819660468], [20.228598779473728, 20.318698197499483], [20.391234971742286, 20.4829226415413], [20.55057667272644, 20.64564034966859], [20.709478061373094, 20.809333904112084], [20.866651559344426, 20.96921841417849], [21.022118371776934, 21.129420001857042], [21.17541523856139, 21.286748486008648], [21.32834996648898, 21.44447387084231], [21.480062747696557, 21.599819814360895], [21.628309540651983, 21.753267020964426], [21.77581954477813, 21.903824703854855], [21.922999425003546, 22.054720659471386], [22.069109291042498, 22.20685295426848], [22.211307048197046, 22.354440704778092], [22.35511326257374, 22.50507486746941], [22.497916308166523, 22.653729926689664], [22.637913899368304, 22.801075846022954], [22.77713056590173, 22.946661335393998], [22.913918854071582, 23.091172830494923], [23.050800500049334, 23.232382771327348], [23.18687156017331, 23.374071013175186], [23.322716976676226, 23.51647301010702], [23.45360909559699, 23.653714490390758], [23.585516957037864, 23.79044433340289], [23.71858897445828, 23.930053226486923], [23.850584179738462, 24.068380647141694], [23.98099008974111, 24.20452302845203], [24.109562071842962, 24.339923247972667], [24.239350301253943, 24.47725925403151], [24.365512512610618, 24.612018145874664], [24.491577727863103, 24.745525404838435], [24.618423505405296, 24.879021540878842], [24.742054877863342, 25.00968122222744], [24.866476068657004, 25.14278702712818], [24.989860922003082, 25.272755739984184], [25.111869604013826, 25.40233569089088], [25.232904483836332, 25.53145700490205], [25.354799624125047, 25.65979913684976], [25.47249251359293, 25.786697432052367], [25.59117432182551, 25.911515044714896], [25.710170624381213, 26.038059629923204], [25.827998173218894, 26.16187643035065], [25.94564915775543, 26.286114622270766], [26.061323966637463, 26.4092756175778], [26.176798760846246, 26.531157623301542]]
epoch,0,1,2,3,4,5,6,7,8,9,10,11,12,13,14,15,16,17,18,19,20,21,22,23,24,25,26,27,28,29,30,31,32,33,34,35,36,37,38,39,40,41,42,43,44,45,46,47,48,49,50,51,52,53,54,55,56,57,58,59,60,61,62,63,64,65,66,67,68,69,70,71,72,73,74,75,76,77,78,79,80,81,82,83,84,85,86,87,88,89,90,91,92,93,94,95,96,97,98,99
eval_cost,0.6146775697086619,0.5774169153628581,0.5217243833815229,0.5235139873436947,0.4973845115953321,0.5016462834386626,0.5064369177133881,0.4972989254481117,0.4883220614122635,0.4909219536439794,0.48761991375562436,0.4845957968983694,0.48532474554181104,0.493749391760876,0.49140820842173244,0.4877884485640624,0.4824065363518937,0.5049316861425386,0.4723362732894608,0.5029711657804772,0.48443911835110726,0.5001057570304478,0.49870882939387157,0.49046152741530974,0.48830212551036106,0.5046699623213928,0.4868983026994765,0.48444654977134194,0.47912619478582963,0.4811539708338821,0.4777350563623545,0.4965181813346716,0.47626021990197276,0.48200045564686367,0.4798638185850016,0.49462233862834465,0.4876009150581734,0.4817475189391972,0.4709571377249996,0.48037776384333314,0.4768578183577131,0.47927647644832805,0.4946704510818313,0.48140373505585726,0.49152267997476523,0.4760620213071899,0.46661147263931624,0.4999887957330449,0.4866449641622506,0.5087401830770061,0.4724209099158431,0.4834688879252172,0.4865716610026418,0.4742117361126878,0.4718750726685646,0.48093431176480844,0.46908953214869925,0.4805538753422618,0.46570894568666454,0.4844374303431456,0.47232424703230935,0.47298633498505865,0.4626859683888125,0.4880993240350389,0.4734521158666291,0.4933170296248687,0.4709473911201766,0.4589740583719387,0.47383240797365395,0.45902284108031266,0.4755999544188298,0.47315084835189275,0.47818819026680986,0.48721252478603394,0.4815952691832385,0.4806906938164767,0.49409988956582707,0.4724636819940666,0.4807885466572393,0.4741421570872424,0.4711952090167955,0.4677857179063508,0.4799025643892555,0.46860065143676305,0.47436046425975875,0.47379685061097865,0.47531267881293404,0.4565978746965163,0.46788419347878596,0.4743238968563686,0.486012517538678,0.4726876834902112,0.47966990169515816,0.4759214262669658,0.49429741227738544,0.4849687190881755,0.470484664219473,0.4704155063266256,0.4729064111270136,0.4802765310957321
train_cost,1.2545971478445297,1.1912972518481875,1.1116831066618034,1.0973793162389487,1.0650714239479828,1.0433248098173138,1.0406854142391846,1.0428384893051117,1.040344424729214,1.0324421068648604,1.0173301484532715,1.0089492686714647,1.007302083995709,1.0037500258018526,1.0185799756132465,1.0060727854210982,0.9962116285032412,1.0249613942847036,0.9960704536124723,1.0010785408156933,1.0045653301318955,1.0083694281704783,0.997525726744109,0.9885112180712573,0.9864955569461363,0.9948050101561053,0.9792634096185713,0.9811768730363625,0.9731979049035457,0.9819386658569883,0.9766498676461782,0.9878467960744672,0.9706369790391366,0.9670279996151833,0.9745170618221831,0.9836906621951976,0.9668380853325912,0.9873269656929042,0.9718065184566123,0.9606486610418761,0.9834698381417143,0.9713181927205868,0.986794115706075,0.9584568457036045,0.9794834969441952,0.9789892684440827,0.962891943567815,0.9796762389565312,0.9640739284499996,1.0015112967291273,0.9624153439277118,0.9629108941124683,0.9630854528937007,0.9614331792106975,0.9581332823555272,0.9626940453015409,0.9501808631177276,0.9612626317769116,0.9549876435565944,0.9598535156342533,0.9546373111239514,0.9479298443610618,0.9503843863930734,0.9686896501477167,0.9522824989319231,0.9574772952215166,0.9501606791938617,0.946133131087326,0.9460202654833417,0.9535353094227156,0.9539010031095881,0.9490749478190863,0.9531773820796401,0.9584077082285424,0.9488719176482229,0.9569950751532335,0.9539786878395221,0.9397547439839172,0.9550246009382186,0.9505537212733667,0.9403549502097455,0.9383662525911225,0.9573170381867434,0.9417081226280704,0.9481010035062911,0.9537678815116316,0.9493758977437119,0.9515931436615581,0.9439381976991863,0.9513869689287083,0.9461770470353758,0.9488077037229669,0.9512752034812476,0.9387020247383853,0.9510062292981319,0.9442573104853397,0.9529008559980195,0.9474163751205791,0.9373948621999111,0.9517921621138974

epoch,0,1,2,3,4,5,6,7,8,9,10,11,12,13,14,15,16,17,18,19,20,21,22,23,24,25,26,27,28,29,30,31,32,33,34,35,36,37,38,39,40,41,42,43,44,45,46,47,48,49,50,51,52,53,54,55,56,57,58,59,60,61,62,63,64,65,66,67,68,69,70,71,72,73,74,75,76,77,78,79,80,81,82,83,84,85,86,87,88,89,90,91,92,93,94,95,96,97,98,99
eval_acc,0.9269,0.9249,0.9336,0.9339,0.9373,0.9366,0.9348,0.9368,0.9369,0.9411,0.9394,0.9389,0.9391,0.9392,0.9386,0.934,0.9381,0.9341,0.9416,0.9351,0.9358,0.9337,0.9361,0.935,0.9368,0.9357,0.937,0.9363,0.9386,0.9375,0.9398,0.9378,0.9395,0.9388,0.9391,0.9346,0.9354,0.9368,0.941,0.9409,0.9384,0.9388,0.9356,0.9398,0.9356,0.9386,0.9389,0.9359,0.9363,0.9328,0.9423,0.9408,0.9395,0.9402,0.9385,0.9387,0.939,0.9369,0.941,0.9361,0.9396,0.941,0.9428,0.9392,0.9418,0.9366,0.9424,0.9418,0.9395,0.9403,0.9398,0.9412,0.938,0.9386,0.9398,0.9381,0.9367,0.9393,0.9384,0.9389,0.9416,0.9408,0.9405,0.9403,0.9403,0.9398,0.9403,0.9438,0.9419,0.9409,0.9371,0.9413,0.9404,0.9389,0.9379,0.9397,0.9407,0.939,0.9418,0.9402
train_acc,0.78586,0.79712,0.818416,0.821776,0.825164,0.83278,0.831432,0.83088,0.831348,0.834152,0.836712,0.839484,0.839856,0.840432,0.839756,0.837684,0.84066,0.83462,0.842444,0.840088,0.838532,0.837588,0.841764,0.842368,0.842864,0.840648,0.844524,0.8444,0.845192,0.844068,0.84446,0.844008,0.846656,0.847996,0.845324,0.844076,0.846444,0.843876,0.845028,0.848912,0.843088,0.846044,0.843128,0.849308,0.84494,0.843348,0.849324,0.844972,0.847276,0.841252,0.84784,0.848096,0.847556,0.8478,0.84852,0.848452,0.850604,0.847592,0.849056,0.848704,0.84934,0.851052,0.851596,0.846292,0.849508,0.84902,0.851372,0.851724,0.850924,0.848664,0.848884,0.851288,0.849544,0.849008,0.851952,0.849084,0.849092,0.852464,0.849176,0.850064,0.852856,0.851552,0.85032,0.852004,0.850436,0.849088,0.850024,0.84938,0.851192,0.848464,0.850272,0.851484,0.849544,0.851648,0.850084,0.852192,0.849908,0.850412,0.853744,0.85108

test_acc,0.9357

